Task,Status,Responsible
HR and employee dashboards,Built - testing pending,Abdul Hakeem
Employee request forms and request tracking,Built - testing pending,Abdul Hakeem
Employee access restrictions,Built - testing pending,Abdul Hakeem
Leave policies and employee leave balances,Built - testing pending,Abdul Hakeem
Monthly half-day and work-from-home limits,Built - testing pending,Abdul Hakeem
Job-level setup and employee registration,In progress - confirm with Dinesh,Dinesh
Self-service in Instructor and HOD dashboards,Pending,Abdul Hakeem
Approval flows and notifications,Testing and fixes pending,Abdul Hakeem
Finance and payroll integration,Pending,HRM and Finance teams
Full testing and issue fixes,In progress,Abdul Hakeem and Dinesh
HR review and final sign-off,Pending,HR team
