"Task ID","Workstream","Task / deliverable","Current status","Owner / responsibility","Priority","Completed / evidence so far","Pending work / acceptance criteria","Source references"
"HR-01","Foundation","Custom Medical HRMS app and setup scripts","Implemented - verification pending","Team; owner to confirm","Medium","Custom app, setup scripts and migration hooks exist.","Verify clean installation and repeat migration without duplicates or loss of HR edits.","README.md; medical_hrms/hooks.py; medical_hrms/patches.txt"
"HR-02","Master data","Ministry lookup codes and validation","Implemented - verification pending","Team; owner to confirm","High","Import, category validation and lookup configuration scripts exist.","Validate complete approved source data and Arabic/English mappings on target site.","JAMEAH_HRMS_COMPLETED_WORK.md; medical_hrms/import_ministry_excel_to_jameah_codes.py; medical_hrms/ministry_lookup_validation.py"
"HR-03","Master data","Institute hierarchy and facility records","Implemented - verification pending","Team; owner to confirm","Medium","Branch, Agency, Deanery, College, Academic Department and Facility setup exists.","HR to confirm real hierarchy and all employee placement links.","JAMEAH_HRMS_COMPLETED_WORK.md; medical_hrms/create_institute_doctypes.py; medical_hrms/create_facility_doctype.py"
"HR-04","Recruitment","Job-level setup","In progress - owner confirmation needed","Dinesh","High","User confirmed Dinesh is handling job-level work; completion not independently established.","Dinesh to confirm implemented scope, remaining tasks and acceptance criteria.","Team update supplied by user"
"HR-05","Recruitment","Employee registration","In progress - owner confirmation needed","Dinesh","High","Registration work assigned to Dinesh; Employee customization scripts exist.","Complete and test required fields, lookup validation and duplicate prevention.","Team update supplied by user; medical_hrms/setup_employee_ministry_expected_fields.py"
"HR-06","Recruitment","Job Applicant to Employee transfer","Specified - implementation confirmation needed","Dinesh; confirm transfer ownership","High","Detailed field and child-table transfer mapping documented.","Confirm conversion implementation; test lookup resolution, required fields and repeat conversion prevention.","JOB_APPLICANT_TO_EMPLOYEE_TRANSFER_MAPPING.md"
"HR-07","Employee records","Qualifications, experience and Ministry profile fields","Implemented - verification pending","Dinesh / HRM team; confirm split","High","Setup code and profile mapping exist for demographic and academic data.","Reconcile legacy child tables with final Ministry mapping and validate real samples.","JAMEAH_HRMS_IMPLEMENTATION_PLAN.md; medical_hrms/create_child_tables.py; medical_hrms/update_employee_academic_experience_fields.py"
"HR-08","Dashboards","HR dashboard and leave-management shortcuts","Implemented - UAT pending","Abdul Hakeem","High","HR dashboard, access guard and policy/assignment/allocation/settings shortcuts exist.","Verify HR roles, dashboard counts, routes and medical-year activation.","medical_hrms/medical_hrms/page/hr_dashboard/"
"HR-09","Dashboards","Employee self-service dashboard","Implemented - UAT pending","Abdul Hakeem","High","Employee dashboard with request cards, profile view, status and leave summary exists.","Validate full employee journey and responsive layout.","medical_hrms/medical_hrms/page/employee_dashboard/"
"HR-10","Dashboards","Custom workspace styling","Implemented - UAT pending","Abdul Hakeem","Medium","Workspace CSS/JS and dashboard styling exist.","Check browser rendering, missing icons, long labels and mobile layout.","medical_hrms/public/css/workspace_theme.css; medical_hrms/public/js/workspace_theme.js"
"HR-11","Dashboards","Self-service in Instructor, HOD and other staff dashboards","Planned","Abdul Hakeem; Education coordination needed","High","Requested by user; not established as implemented.","Embed shared request and leave-summary features while retaining role-specific dashboards and permissions.","User-requested pending feature; HRM and Education Module Integration.html"
"HR-12","Security","HR roles, workspace visibility and login routing","Implemented - security UAT pending","Abdul Hakeem","High","Role setup, employee workspace and routing controls exist.","Verify employee, HR, Instructor and HOD role combinations and direct URLs.","medical_hrms/setup_hr_roles.py; medical_hrms/setup_employee_workspace.py; medical_hrms/login_redirect.py"
"HR-13","Security","Own-record access and protected employee identity","Implemented - security UAT pending","Abdul Hakeem","High","Server-side employee ownership checks, field allowlists and HR endpoint restrictions exist.","Test API/list/form/attachment access across two employees; verify privileged-role exceptions.","medical_hrms/employee_permissions.py; medical_hrms/self_service.py"
"HR-14","Self-service","Customized employee request forms","Implemented - UAT pending","Abdul Hakeem","High","Forms cover permission, remote work, leave, return, certificate, overtime, training, allowance, car and data changes.","Test each form's mandatory fields, validation, private attachments and submission.","medical_hrms/self_service.py"
"HR-15","Self-service","Request details and easier time selection","Implemented - UAT pending","Abdul Hakeem","Medium","Own-request detail API and dashboard controls exist; hour/minute/AM-PM selection implemented.","Verify saved values, midnight/noon handling and complete employee-visible details.","medical_hrms/self_service.py; medical_hrms/medical_hrms/page/employee_dashboard/employee_dashboard.js"
"HR-16","Self-service","Resume drafts and rejected-request resubmission","Gap - implementation/verification needed","Abdul Hakeem","High","Draft creation exists; complete resume/resubmit flow is not established.","Implement or confirm safe editing/resubmission with history; test against UAT requirements.","medical_hrms/self_service.py; HRM_UAT_SCENARIOS.md"
"HR-17","Employee records","Employee data correction approval and application","Partially implemented","Abdul Hakeem; HR input needed","High","Employee correction request and protection against direct edits exist.","Confirm HR review steps and how approved corrections update Employee with an audit trail.","medical_hrms/medical_hrms/doctype/employee_data_update_request/"
"HR-18","Leave","Editable migration defaults for leave types and policies","Implemented - migration UAT pending","Abdul Hakeem","High","Annual 21/30-day policies and separate medical policy seeded without overwriting existing HR settings.","Test new and existing sites; confirm final policies with HR. Normal migration intentionally creates drafts.","medical_hrms/setup_leave_defaults.py; DEVELOPER_SETUP.md"
"HR-19","Leave","Local demo policy activation and allocations","Configured locally - flow testing pending","Abdul Hakeem","High","Earlier local setup completed policy submission, demo approver, annual assignment and medical allocations.","Run end-to-end submission, approval and balance deduction tests; not a production configuration.","medical_hrms/setup_local_leave_demo.py; prior local setup result"
"HR-20","Leave","Medical leave year and pay-stage controls","Implemented - integration UAT pending","Abdul Hakeem; HR policy review needed","High","HR activation and ordered full-pay/partial-pay/unpaid stage validation exist.","Test stage boundaries, cancellations, overlapping requests, year boundaries and payroll behavior.","medical_hrms/medical_leave.py; DEVELOPER_SETUP.md"
"HR-21","Leave","Monthly half-day and remote-work limits","Implemented - integration UAT pending","Abdul Hakeem","High","Configurable caps and working-day counting exist; demo set to 2 half-days and 3 WFH days.","Confirm HR-approved limits; test pending/approved totals, cross-month requests and concurrent submissions.","medical_hrms/monthly_leave_policy.py; medical_hrms/setup_local_leave_demo.py"
"HR-22","Leave","Employee balances and monthly usage display","Implemented - UAT pending","Abdul Hakeem","High","Dashboard retrieves leave balances and monthly limit usage.","Reconcile displayed balances with leave ledger after approval, rejection and cancellation.","medical_hrms/monthly_leave_policy.py; medical_hrms/medical_hrms/page/employee_dashboard/"
"HR-23","Leave","Carry-forward, service eligibility and holiday calendar","Partially configured - HR decisions pending","Abdul Hakeem + HR; confirm shared ownership","High","Starter carry-forward settings and annual policy variants exist; demo calendar covers weekends only.","Confirm official holidays and carry-forward rules; implement/verify expiry controls and 21-to-30-day eligibility handling.","DEVELOPER_SETUP.md; medical_hrms/setup_leave_defaults.py; medical_hrms/setup_local_leave_demo.py"
"HR-24","Approvals","Manager, HR and Finance approval routing","Partially implemented - workflow UAT pending","Abdul Hakeem; HR/Finance reviewers needed","High","Approval matrix, request statuses, permissions and selected validation hooks exist.","Validate each stage and final approver; reconcile Finance Manager versus Accounts Manager and AED labels versus SAR context.","HRM_APPROVAL_MATRIX.md; medical_hrms/configure_hrm_request_governance.py; medical_hrms/medical_hrms/overrides/"
"HR-25","Approvals","Notifications, rejection reasons and audit trail","Verification pending","Abdul Hakeem; HR input needed","High","Required by SOP and UAT; full working notification coverage not established.","Test submit/approve/reject alerts, remarks, terminal-state protection and audit history.","HRM_OPERATIONS_SOP.md; HRM_UAT_SCENARIOS.md"
"HR-26","HR services","Medical licenses, contract renewal and separation","Structures/rules present - UAT pending","HRM team; owner to confirm","Medium","License and contract DocTypes plus separation validation exist.","Verify renewal/expiry handling, HR-only processes, notice rules and closure.","medical_hrms/medical_hrms/doctype/employee_medical_license/; medical_hrms/medical_hrms/doctype/contract_renewal_request/; medical_hrms/medical_hrms/overrides/career.py"
"HR-27","Education integration","Employee-Instructor structural link","Documented/implemented foundation - verification pending","HRM + Education teams; owners to confirm","Medium","Documents describe linked Employee and Instructor profiles and shared field structures.","Verify actual links, department data and source-of-truth rules on target site.","HRM and Education Module Integration.html; JAMEAH_HRMS_COMPLETED_WORK.md"
"HR-28","Education integration","Automatic shared-profile synchronization","Planned - implementation confirmation needed","HRM + Education teams; owners to confirm","High","Implementation plan treats synchronization as future work; some user guides imply automatic mirroring.","Confirm actual automation; define field ownership, update triggers and conflict handling, then test.","JAMEAH_HRMS_IMPLEMENTATION_PLAN.md; ENTIRE_HRMS_USER_GUIDE.md; HRM Integration Document - Finance and Education.html"
"HR-29","Finance integration","Payroll inputs and approved benefits handoff","Planned / partial foundations","HRM + Finance teams; owners to confirm","High","Roadmap identifies employee, attendance, leave, overtime and benefits integration as planned.","Implement/confirm approved-data handoff, payroll eligibility, salary components and reconciliation.","HRM and Finance Module Integration Roadmap.html; HRM_HANDOFF_BOUNDARIES.md"
"HR-30","Finance integration","Payroll calculations, accounting and reporting","Pending integration and Finance validation","Finance + HRM teams; owners to confirm","High","Native HRMS features are documented; custom end-to-end integration is not verified.","Validate salary slips, partial-pay leave, accounting postings and reports. Medical activation blocks attendance-based payroll pending review.","HRM and Finance Module Integration Roadmap.html; DEVELOPER_SETUP.md; medical_hrms/medical_leave.py"
"HR-31","QA","Automated and end-to-end testing","Partially tested - integration pending","Abdul Hakeem; Dinesh for registration","High","Earlier 18 leave-focused unit tests passed; local integration test script exists but was not executed in the prior attempt.","Run integration suite, registration tests and browser UAT; retain results and fix failures.","medical_hrms/test_setup_leave_defaults.py; medical_hrms/test_monthly_leave_policy.py; medical_hrms/test_medical_leave.py; medical_hrms/check_local_leave_flows.py; HRM_UAT_SCENARIOS.md"
"HR-32","Handover","Documentation alignment and client sign-off","Pending","HRM team + HR/Finance reviewers; owners to confirm","High","Setup guides, approval matrix, SOP and UAT checklist exist; final sign-offs not recorded.","Update stale employee Leave Plan/contract instructions, allowance naming and sync claims; complete HR/Finance sign-off before deployment.","HRM_APPROVAL_MATRIX.md; HRM_OPERATIONS_SOP.md; HRM_UAT_SCENARIOS.md; ENTIRE_HRMS_USER_GUIDE.md"
